"id","name"
"1","3Com Corp"
"2","3M Company"
"3","A.G. Edwards Inc."
"4","Abbott Laboratories"
"5","Abercrombie & Fitch Co."
"6","ABM Industries Incorporated"
"7","Ace Hardware Corporation"
"8","ACT Manufacturing Inc."
"9","Acterna Corp."
"10","Adams Resources & Energy, Inc."
"11","ADC Telecommunications, Inc."
"12","Adelphia Communications Corporation"
"13","Administaff, Inc."
"14","Adobe Systems Incorporated"
"15","Adolph Coors Company"
"16","Advance Auto Parts, Inc."
"17","Advanced Micro Devices, Inc."
"18","AdvancePCS, Inc."
"19","Advantica Restaurant Group, Inc."
"20","The AES Corporation"
"21","Aetna Inc."
"22","Affiliated Computer Services, Inc."
"23","AFLAC Incorporated"
"24","AGCO Corporation"
"25","Agilent Technologies, Inc."
"26","Agway Inc."
"27","Apartment Investment and Management Company"
"28","Air Products and Chemicals, Inc."
"29","Airborne, Inc."
"30","Airgas, Inc."
"31","AK Steel Holding Corporation"
"32","Alaska Air Group, Inc."
"33","Alberto-Culver Company"
"34","Albertson's, Inc."
"35","Alcoa Inc."
"36","Alleghany Corporation"
"37","Allegheny Energy, Inc."
"38","Allegheny Technologies Incorporated"
"39","Allergan, Inc."
"40","ALLETE, Inc."
"41","Alliant Energy Corporation"
"42","Allied Waste Industries, Inc."
"43","Allmerica Financial Corporation"
"44","The Allstate Corporation"
"45","ALLTEL Corporation"
"46","The Alpine Group, Inc."
"47","Amazon.com, Inc."
"48","AMC Entertainment Inc."
"49","American Power Conversion Corporation"
"50","Amerada Hess Corporation"
"51","AMERCO"
"52","Ameren Corporation"
"53","America West Holdings Corporation"
"54","American Axle & Manufacturing Holdings, Inc."
"55","American Eagle Outfitters, Inc."
"56","American Electric Power Company, Inc."
"57","American Express Company"
"58","American Financial Group, Inc."
"59","American Greetings Corporation"
"60","American International Group, Inc."
"61","American Standard Companies Inc."
"62","American Water Works Company, Inc."
"63","AmerisourceBergen Corporation"
"64","Ames Department Stores, Inc."
"65","Amgen Inc."
"66","Amkor Technology, Inc."
"67","AMR Corporation"
"68","AmSouth Bancorp."
"69","Amtran, Inc."
"70","Anadarko Petroleum Corporation"
"71","Analog Devices, Inc."
"72","Anheuser-Busch Companies, Inc."
"73","Anixter International Inc."
"74","AnnTaylor Inc."
"75","Anthem, Inc."
"76","AOL Time Warner Inc."
"77","Aon Corporation"
"78","Apache Corporation"
"79","Apple Computer, Inc."
"80","Applera Corporation"
"81","Applied Industrial Technologies, Inc."
"82","Applied Materials, Inc."
"83","Aquila, Inc."
"84","ARAMARK Corporation"
"85","Arch Coal, Inc."
"86","Archer Daniels Midland Company"
"87","Arkansas Best Corporation"
"88","Armstrong Holdings, Inc."
"89","Arrow Electronics, Inc."
"90","ArvinMeritor, Inc."
"91","Ashland Inc."
"92","Astoria Financial Corporation"
"93","AT&T Corp."
"94","Atmel Corporation"
"95","Atmos Energy Corporation"
"96","Audiovox Corporation"
"97","Autoliv, Inc."
"98","Automatic Data Processing, Inc."
"99","AutoNation, Inc."
"100","AutoZone, Inc."
"101","Avaya Inc."
"102","Avery Dennison Corporation"
"103","Avista Corporation"
"104","Avnet, Inc."
"105","Avon Products, Inc."
"106","Baker Hughes Incorporated"
"107","Ball Corporation"
"108","Bank of America Corporation"
"109","The Bank of New York Company, Inc."
"110","Bank One Corporation"
"111","Banknorth Group, Inc."
"112","Banta Corporation"
"113","Barnes & Noble, Inc."
"114","Bausch & Lomb Incorporated"
"115","Baxter International Inc."
"116","BB&T Corporation"
"117","The Bear Stearns Companies Inc."
"118","Beazer Homes USA, Inc."
"119","Beckman Coulter, Inc."
"120","Becton, Dickinson and Company"
"121","Bed Bath & Beyond Inc."
"122","Belk, Inc."
"123","Bell Microproducts Inc."
"124","BellSouth Corporation"
"125","Belo Corp."
"126","Bemis Company, Inc."
"127","Benchmark Electronics, Inc."
"128","Berkshire Hathaway Inc."
"129","Best Buy Co., Inc."
"130","Bethlehem Steel Corporation"
"131","Beverly Enterprises, Inc."
"132","Big Lots, Inc."
"133","BJ Services Company"
"134","BJ's Wholesale Club, Inc."
"135","The Black & Decker Corporation"
"136","Black Hills Corporation"
"137","BMC Software, Inc."
"138","The Boeing Company"
"139","Boise Cascade Corporation"
"140","Borders Group, Inc."
"141","BorgWarner Inc."
"142","Boston Scientific Corporation"
"143","Bowater Incorporated"
"144","Briggs & Stratton Corporation"
"145","Brightpoint, Inc."
"146","Brinker International, Inc."
"147","Bristol-Myers Squibb Company"
"148","Broadwing, Inc."
"149","Brown Shoe Company, Inc."
"150","Brown-Forman Corporation"
"151","Brunswick Corporation"
"152","Budget Group, Inc."
"153","Burlington Coat Factory Warehouse Corporation"
"154","Burlington Industries, Inc."
"155","Burlington Northern Santa Fe Corporation"
"156","Burlington Resources Inc."
"157","C. H. Robinson Worldwide Inc."
"158","Cablevision Systems Corp"
"159","Cabot Corp"
"160","Cadence Design Systems, Inc."
"161","Calpine Corp."
"162","Campbell Soup Co."
"163","Capital One Financial Corp."
"164","Cardinal Health Inc."
"165","Caremark Rx Inc."
"166","Carlisle Cos. Inc."
"167","Carpenter Technology Corp."
"168","Casey's General Stores Inc."
"169","Caterpillar Inc."
"170","CBRL Group Inc."
"171","CDI Corp."
"172","CDW Computer Centers Inc."
"173","CellStar Corp."
"174","Cendant Corp"
"175","Cenex Harvest States Cooperatives"
"176","Centex Corp."
"177","CenturyTel Inc."
"178","Ceridian Corp."
"179","CH2M Hill Cos. Ltd."
"180","Champion Enterprises Inc."
"181","Charles Schwab Corp."
"182","Charming Shoppes Inc."
"183","Charter Communications Inc."
"184","Charter One Financial Inc."
"185","ChevronTexaco Corp."
"186","Chiquita Brands International Inc."
"187","Chubb Corp"
"188","Ciena Corp."
"189","Cigna Corp"
"190","Cincinnati Financial Corp."
"191","Cinergy Corp."
"192","Cintas Corp."
"193","Circuit City Stores Inc."
"194","Cisco Systems Inc."
"195","Citigroup, Inc"
"196","Citizens Communications Co."
"197","CKE Restaurants Inc."
"198","Clear Channel Communications Inc."
"199","The Clorox Co."
"200","CMGI Inc."
"201","CMS Energy Corp."
"202","CNF Inc."
"203","Coca-Cola Co."
"204","Coca-Cola Enterprises Inc."
"205","Colgate-Palmolive Co."
"206","Collins & Aikman Corp."
"207","Comcast Corp."
"208","Comdisco Inc."
"209","Comerica Inc."
"210","Comfort Systems USA Inc."
"211","Commercial Metals Co."
"212","Community Health Systems Inc."
"213","Compass Bancshares Inc"
"214","Computer Associates International Inc."
"215","Computer Sciences Corp."
"216","Compuware Corp."
"217","Comverse Technology Inc."
"218","ConAgra Foods Inc."
"219","Concord EFS Inc."
"220","Conectiv, Inc"
"221","Conoco Inc"
"222","Conseco Inc."
"223","Consolidated Freightways Corp."
"224","Consolidated Edison Inc."
"225","Constellation Brands Inc."
"226","Constellation Emergy Group Inc."
"227","Continental Airlines Inc."
"228","Convergys Corp."
"229","Cooper Cameron Corp."
"230","Cooper Industries Ltd."
"231","Cooper Tire & Rubber Co."
"232","Corn Products International Inc."
"233","Corning Inc."
"234","Costco Wholesale Corp."
"235","Countrywide Credit Industries Inc."
"236","Coventry Health Care Inc."
"237","Cox Communications Inc."
"238","Crane Co."
"239","Crompton Corp."
"240","Crown Cork & Seal Co. Inc."
"241","CSK Auto Corp."
"242","CSX Corp."
"243","Cummins Inc."
"244","CVS Corp."
"245","Cytec Industries Inc."
"246","D&K Healthcare Resources, Inc."
"247","D.R. Horton Inc."
"248","Dana Corporation"
"249","Danaher Corporation"
"250","Darden Restaurants Inc."
"251","DaVita Inc."
"252","Dean Foods Company"
"253","Deere & Company"
"254","Del Monte Foods Co"
"255","Dell Computer Corporation"
"256","Delphi Corp."
"257","Delta Air Lines Inc."
"258","Deluxe Corporation"
"259","Devon Energy Corporation"
"260","Di Giorgio Corporation"
"261","Dial Corporation"
"262","Diebold Incorporated"
"263","Dillard's Inc."
"264","DIMON Incorporated"
"265","Dole Food Company, Inc."
"266","Dollar General Corporation"
"267","Dollar Tree Stores, Inc."
"268","Dominion Resources, Inc."
"269","Domino's Pizza LLC"
"270","Dover Corporation, Inc."
"271","Dow Chemical Company"
"272","Dow Jones & Company, Inc."
"273","DPL Inc."
"274","DQE Inc."
"275","Dreyer's Grand Ice Cream, Inc."
"276","DST Systems, Inc."
"277","DTE Energy Co."
"278","E.I. Du Pont de Nemours and Company"
"279","Duke Energy Corp"
"280","Dun & Bradstreet Inc."
"281","DURA Automotive Systems Inc."
"282","DynCorp"
"283","Dynegy Inc."
"284","E*Trade Group, Inc."
"285","E.W. Scripps Company"
"286","Earthlink, Inc."
"287","Eastman Chemical Company"
"288","Eastman Kodak Company"
"289","Eaton Corporation"
"290","Echostar Communications Corporation"
"291","Ecolab Inc."
"292","Edison International"
"293","EGL Inc."
"294","El Paso Corporation"
"295","Electronic Arts Inc."
"296","Electronic Data Systems Corp."
"297","Eli Lilly and Company"
"298","EMC Corporation"
"299","Emcor Group Inc."
"300","Emerson Electric Co."
"301","Encompass Services Corporation"
"302","Energizer Holdings Inc."
"303","Energy East Corporation"
"304","Engelhard Corporation"
"305","Enron Corp."
"306","Entergy Corporation"
"307","Enterprise Products Partners L.P."
"308","EOG Resources, Inc."
"309","Equifax Inc."
"310","Equitable Resources Inc."
"311","Equity Office Properties Trust"
"312","Equity Residential Properties Trust"
"313","Estee Lauder Companies Inc."
"314","Exelon Corporation"
"315","Exide Technologies"
"316","Expeditors International of Washington Inc."
"317","Express Scripts Inc."
"318","ExxonMobil Corporation"
"319","Fairchild Semiconductor International Inc."
"320","Family Dollar Stores Inc."
"321","Farmland Industries Inc."
"322","Federal Mogul Corp."
"323","Federated Department Stores Inc."
"324","Federal Express Corp."
"325","Felcor Lodging Trust Inc."
"326","Ferro Corp."
"327","Fidelity National Financial Inc."
"328","Fifth Third Bancorp"
"329","First American Financial Corp."
"330","First Data Corp."
"331","First National of Nebraska Inc."
"332","First Tennessee National Corp."
"333","FirstEnergy Corp."
"334","Fiserv Inc."
"335","Fisher Scientific International Inc."
"336","FleetBoston Financial Co."
"337","Fleetwood Enterprises Inc."
"338","Fleming Companies Inc."
"339","Flowers Foods Inc."
"340","Flowserv Corp"
"341","Fluor Corp"
"342","FMC Corp"
"343","Foamex International Inc"
"344","Foot Locker Inc"
"345","Footstar Inc."
"346","Ford Motor Co"
"347","Forest Laboratories Inc."
"348","Fortune Brands Inc."
"349","Foster Wheeler Ltd."
"350","FPL Group Inc."
"351","Franklin Resources Inc."
"352","Freeport McMoran Copper & Gold Inc."
"353","Frontier Oil Corp"
"354","Furniture Brands International Inc."
"355","Gannett Co., Inc."
"356","Gap Inc."
"357","Gateway Inc."
"358","GATX Corporation"
"359","Gemstar-TV Guide International Inc."
"360","GenCorp Inc."
"361","General Cable Corporation"
"362","General Dynamics Corporation"
"363","General Electric Company"
"364","General Mills Inc"
"365","General Motors Corporation"
"366","Genesis Health Ventures Inc."
"367","Gentek Inc."
"368","Gentiva Health Services Inc."
"369","Genuine Parts Company"
"370","Genuity Inc."
"371","Genzyme Corporation"
"372","Georgia Gulf Corporation"
"373","Georgia-Pacific Corporation"
"374","Gillette Company"
"375","Gold Kist Inc."
"376","Golden State Bancorp Inc."
"377","Golden West Financial Corporation"
"378","Goldman Sachs Group Inc."
"379","Goodrich Corporation"
"380","The Goodyear Tire & Rubber Company"
"381","Granite Construction Incorporated"
"382","Graybar Electric Company Inc."
"383","Great Lakes Chemical Corporation"
"384","Great Plains Energy Inc."
"385","GreenPoint Financial Corp."
"386","Greif Bros. Corporation"
"387","Grey Global Group Inc."
"388","Group 1 Automotive Inc."
"389","Guidant Corporation"
"390","H&R Block Inc."
"391","H.B. Fuller Company"
"392","H.J. Heinz Company"
"393","Halliburton Co."
"394","Harley-Davidson Inc."
"395","Harman International Industries Inc."
"396","Harrah's Entertainment Inc."
"397","Harris Corp."
"398","Harsco Corp."
"399","Hartford Financial Services Group Inc."
"400","Hasbro Inc."
"401","Hawaiian Electric Industries Inc."
"402","HCA Inc."
"403","Health Management Associates Inc."
"404","Health Net Inc."
"405","Healthsouth Corp"
"406","Henry Schein Inc."
"407","Hercules Inc."
"408","Herman Miller Inc."
"409","Hershey Foods Corp."
"410","Hewlett-Packard Company"
"411","Hibernia Corp."
"412","Hillenbrand Industries Inc."
"413","Hilton Hotels Corp."
"414","Hollywood Entertainment Corp."
"415","Home Depot Inc."
"416","Hon Industries Inc."
"417","Honeywell International Inc."
"418","Hormel Foods Corp."
"419","Host Marriott Corp."
"420","Household International Corp."
"421","Hovnanian Enterprises Inc."
"422","Hub Group Inc."
"423","Hubbell Inc."
"424","Hughes Supply Inc."
"425","Humana Inc."
"426","Huntington Bancshares Inc."
"427","Idacorp Inc."
"428","IDT Corporation"
"429","IKON Office Solutions Inc."
"430","Illinois Tool Works Inc."
"431","IMC Global Inc."
"432","Imperial Sugar Company"
"433","IMS Health Inc."
"434","Ingles Market Inc"
"435","Ingram Micro Inc."
"436","Insight Enterprises Inc."
"437","Integrated Electrical Services Inc."
"438","Intel Corporation"
"439","International Paper Co."
"440","Interpublic Group of Companies Inc."
"441","Interstate Bakeries Corporation"
"442","International Business Machines Corp."
"443","International Flavors & Fragrances Inc."
"444","International Multifoods Corporation"
"445","Intuit Inc."
"446","IT Group Inc."
"447","ITT Industries Inc."
"448","Ivax Corp."
"449","J.B. Hunt Transport Services Inc."
"450","J.C. Penny Co."
"451","J.P. Morgan Chase & Co."
"452","Jabil Circuit Inc."
"453","Jack In The Box Inc."
"454","Jacobs Engineering Group Inc."
"455","JDS Uniphase Corp."
"456","Jefferson-Pilot Co."
"457","John Hancock Financial Services Inc."
"458","Johnson & Johnson"
"459","Johnson Controls Inc."
"460","Jones Apparel Group Inc."
"461","KB Home"
"462","Kellogg Company"
"463","Kellwood Company"
"464","Kelly Services Inc."
"465","Kemet Corp."
"466","Kennametal Inc."
"467","Kerr-McGee Corporation"
"468","KeyCorp"
"469","KeySpan Corp."
"470","Kimball International Inc."
"471","Kimberly-Clark Corporation"
"472","Kindred Healthcare Inc."
"473","KLA-Tencor Corporation"
"474","K-Mart Corp."
"475","Knight-Ridder Inc."
"476","Kohl's Corp."
"477","KPMG Consulting Inc."
"478","Kroger Co."
"479","L-3 Communications Holdings Inc."
"480","Laboratory Corporation of America Holdings"
"481","Lam Research Corporation"
"482","LandAmerica Financial Group Inc."
"483","Lands' End Inc."
"484","Landstar System Inc."
"485","La-Z-Boy Inc."
"486","Lear Corporation"
"487","Legg Mason Inc."
"488","Leggett & Platt Inc."
"489","Lehman Brothers Holdings Inc."
"490","Lennar Corporation"
"491","Lennox International Inc."
"492","Level 3 Communications Inc."
"493","Levi Strauss & Co."
"494","Lexmark International Inc."
"495","Limited Inc."
"496","Lincoln National Corporation"
"497","Linens 'n Things Inc."
"498","Lithia Motors Inc."
"499","Liz Claiborne Inc."
"500","Lockheed Martin Corporation"
"501","Loews Corporation"
"502","Longs Drug Stores Corporation"
"503","Louisiana-Pacific Corporation"
"504","Lowe's Companies Inc."
"505","LSI Logic Corporation"
"506","The LTV Corporation"
"507","The Lubrizol Corporation"
"508","Lucent Technologies Inc."
"509","Lyondell Chemical Company"
"510","M & T Bank Corporation"
"511","Magellan Health Services Inc."
"512","Mail-Well Inc."
"513","Mandalay Resort Group"
"514","Manor Care Inc."
"515","Manpower Inc."
"516","Marathon Oil Corporation"
"517","Mariner Health Care Inc."
"518","Markel Corporation"
"519","Marriott International Inc."
"520","Marsh & McLennan Companies Inc."
"521","Marsh Supermarkets Inc."
"522","Marshall & Ilsley Corporation"
"523","Martin Marietta Materials Inc."
"524","Masco Corporation"
"525","Massey Energy Company"
"526","MasTec Inc."
"527","Mattel Inc."
"528","Maxim Integrated Products Inc."
"529","Maxtor Corporation"
"530","Maxxam Inc."
"531","The May Department Stores Company"
"532","Maytag Corporation"
"533","MBNA Corporation"
"534","McCormick & Company Incorporated"
"535","McDonald's Corporation"
"536","The McGraw-Hill Companies Inc."
"537","McKesson Corporation"
"538","McLeodUSA Incorporated"
"539","M.D.C. Holdings Inc."
"540","MDU Resources Group Inc."
"541","MeadWestvaco Corporation"
"542","Medtronic Inc."
"543","Mellon Financial Corporation"
"544","The Men's Wearhouse Inc."
"545","Merck & Co., Inc."
"546","Mercury General Corporation"
"547","Merrill Lynch & Co. Inc."
"548","Metaldyne Corporation"
"549","Metals USA Inc."
"550","MetLife Inc."
"551","Metris Companies Inc"
"552","MGIC Investment Corporation"
"553","MGM Mirage"
"554","Michaels Stores Inc."
"555","Micron Technology Inc."
"556","Microsoft Corporation"
"557","Milacron Inc."
"558","Millennium Chemicals Inc."
"559","Mirant Corporation"
"560","Mohawk Industries Inc."
"561","Molex Incorporated"
"562","The MONY Group Inc."
"563","Morgan Stanley Dean Witter & Co."
"564","Motorola Inc."
"565","MPS Group Inc."
"566","Murphy Oil Corporation"
"567","Nabors Industries Inc"
"568","Nacco Industries Inc"
"569","Nash Finch Company"
"570","National City Corp."
"571","National Commerce Financial Corporation"
"572","National Fuel Gas Company"
"573","National Oilwell Inc"
"574","National Rural Utilities Cooperative Finance Corporation"
"575","National Semiconductor Corporation"
"576","National Service Industries Inc"
"577","Navistar International Corporation"
"578","NCR Corporation"
"579","The Neiman Marcus Group Inc."
"580","New Jersey Resources Corporation"
"581","New York Times Company"
"582","Newell Rubbermaid Inc"
"583","Newmont Mining Corporation"
"584","Nextel Communications Inc"
"585","Nicor Inc"
"586","Nike Inc"
"587","NiSource Inc"
"588","Noble Energy Inc"
"589","Nordstrom Inc"
"590","Norfolk Southern Corporation"
"591","Nortek Inc"
"592","North Fork Bancorporation Inc"
"593","Northeast Utilities System"
"594","Northern Trust Corporation"
"595","Northrop Grumman Corporation"
"596","NorthWestern Corporation"
"597","Novellus Systems Inc"
"598","NSTAR"
"599","NTL Incorporated"
"600","Nucor Corp"
"601","Nvidia Corp"
"602","NVR Inc"
"603","Northwest Airlines Corp"
"604","Occidental Petroleum Corp"
"605","Ocean Energy Inc"
"606","Office Depot Inc."
"607","OfficeMax Inc"
"608","OGE Energy Corp"
"609","Oglethorpe Power Corp."
"610","Ohio Casualty Corp."
"611","Old Republic International Corp."
"612","Olin Corp."
"613","OM Group Inc"
"614","Omnicare Inc"
"615","Omnicom Group"
"616","On Semiconductor Corp"
"617","ONEOK Inc"
"618","Oracle Corp"
"619","Oshkosh Truck Corp"
"620","Outback Steakhouse Inc."
"621","Owens & Minor Inc."
"622","Owens Corning"
"623","Owens-Illinois Inc"
"624","Oxford Health Plans Inc"
"625","Paccar Inc"
"626","PacifiCare Health Systems Inc"
"627","Packaging Corp. of America"
"628","Pactiv Corp"
"629","Pall Corp"
"630","Pantry Inc"
"631","Park Place Entertainment Corp"
"632","Parker Hannifin Corp."
"633","Pathmark Stores Inc."
"634","Paychex Inc"
"635","Payless Shoesource Inc"
"636","Penn Traffic Co."
"637","Pennzoil-Quaker State Company"
"638","Pentair Inc"
"639","Peoples Energy Corp."
"640","PeopleSoft Inc"
"641","Pep Boys Manny, Moe & Jack"
"642","Potomac Electric Power Co."
"643","Pepsi Bottling Group Inc."
"644","PepsiAmericas Inc."
"645","PepsiCo Inc."
"646","Performance Food Group Co."
"647","Perini Corp"
"648","PerkinElmer Inc"
"649","Perot Systems Corp"
"650","Petco Animal Supplies Inc."
"651","Peter Kiewit Sons', Inc."
"652","PETsMART Inc"
"653","Pfizer Inc"
"654","Pacific Gas & Electric Corp."
"655","Pharmacia Corp"
"656","Phar Mor Inc."
"657","Phelps Dodge Corp."
"658","Philip Morris Companies Inc."
"659","Phillips Petroleum Co"
"660","Phillips Van Heusen Corp."
"661","Phoenix Companies Inc"
"662","Pier 1 Imports Inc."
"663","Pilgrim's Pride Corporation"
"664","Pinnacle West Capital Corp"
"665","Pioneer-Standard Electronics Inc."
"666","Pitney Bowes Inc."
"667","Pittston Brinks Group"
"668","Plains All American Pipeline LP"
"669","PNC Financial Services Group Inc."
"670","PNM Resources Inc"
"671","Polaris Industries Inc."
"672","Polo Ralph Lauren Corp"
"673","PolyOne Corp"
"674","Popular Inc"
"675","Potlatch Corp"
"676","PPG Industries Inc"
"677","PPL Corp"
"678","Praxair Inc"
"679","Precision Castparts Corp"
"680","Premcor Inc."
"681","Pride International Inc"
"682","Primedia Inc"
"683","Principal Financial Group Inc."
"684","Procter & Gamble Co."
"685","Pro-Fac Cooperative Inc."
"686","Progress Energy Inc"
"687","Progressive Corporation"
"688","Protective Life Corp"
"689","Provident Financial Group"
"690","Providian Financial Corp."
"691","Prudential Financial Inc."
"692","PSS World Medical Inc"
"693","Public Service Enterprise Group Inc."
"694","Publix Super Markets Inc."
"695","Puget Energy Inc."
"696","Pulte Homes Inc"
"697","Qualcomm Inc"
"698","Quanta Services Inc."
"699","Quantum Corp"
"700","Quest Diagnostics Inc."
"701","Questar Corp"
"702","Quintiles Transnational"
"703","Qwest Communications Intl Inc"
"704","R.J. Reynolds Tobacco Company"
"705","R.R. Donnelley & Sons Company"
"706","Radio Shack Corporation"
"707","Raymond James Financial Inc."
"708","Raytheon Company"
"709","Reader's Digest Association Inc."
"710","Reebok International Ltd."
"711","Regions Financial Corp."
"712","Regis Corporation"
"713","Reliance Steel & Aluminum Co."
"714","Reliant Energy Inc."
"715","Rent A Center Inc"
"716","Republic Services Inc"
"717","Revlon Inc"
"718","RGS Energy Group Inc"
"719","Rite Aid Corp"
"720","Riverwood Holding Inc."
"721","RoadwayCorp"
"722","Robert Half International Inc."
"723","Rock-Tenn Co"
"724","Rockwell Automation Inc"
"725","Rockwell Collins Inc"
"726","Rohm & Haas Co."
"727","Ross Stores Inc"
"728","RPM Inc."
"729","Ruddick Corp"
"730","Ryder System Inc"
"731","Ryerson Tull Inc"
"732","Ryland Group Inc."
"733","Sabre Holdings Corp"
"734","Safeco Corp"
"735","Safeguard Scientifics Inc."
"736","Safeway Inc"
"737","Saks Inc"
"738","Sanmina-SCI Inc"
"739","Sara Lee Corp"
"740","SBC Communications Inc"
"741","Scana Corp."
"742","Schering-Plough Corp"
"743","Scholastic Corp"
"744","SCI Systems Onc."
"745","Science Applications Intl. Inc."
"746","Scientific-Atlanta Inc"
"747","Scotts Company"
"748","Seaboard Corp"
"749","Sealed Air Corp"
"750","Sears Roebuck & Co"
"751","Sempra Energy"
"752","Sequa Corp"
"753","Service Corp. International"
"754","ServiceMaster Co"
"755","Shaw Group Inc"
"756","Sherwin-Williams Company"
"757","Shopko Stores Inc"
"758","Siebel Systems Inc"
"759","Sierra Health Services Inc"
"760","Sierra Pacific Resources"
"761","Silgan Holdings Inc."
"762","Silicon Graphics Inc"
"763","Simon Property Group Inc"
"764","SLM Corporation"
"765","Smith International Inc"
"766","Smithfield Foods Inc"
"767","Smurfit-Stone Container Corp"
"768","Snap-On Inc"
"769","Solectron Corp"
"770","Solutia Inc"
"771","Sonic Automotive Inc."
"772","Sonoco Products Co."
"773","Southern Company"
"774","Southern Union Company"
"775","SouthTrust Corp."
"776","Southwest Airlines Co"
"777","Southwest Gas Corp"
"778","Sovereign Bancorp Inc."
"779","Spartan Stores Inc"
"780","Spherion Corp"
"781","Sports Authority Inc"
"782","Sprint Corp."
"783","SPX Corp"
"784","St. Jude Medical Inc"
"785","St. Paul Cos."
"786","Staff Leasing Inc."
"787","StanCorp Financial Group Inc"
"788","Standard Pacific Corp."
"789","Stanley Works"
"790","Staples Inc"
"791","Starbucks Corp"
"792","Starwood Hotels & Resorts Worldwide Inc"
"793","State Street Corp."
"794","Stater Bros. Holdings Inc."
"795","Steelcase Inc"
"796","Stein Mart Inc"
"797","Stewart & Stevenson Services Inc"
"798","Stewart Information Services Corp"
"799","Stilwell Financial Inc"
"800","Storage Technology Corporation"
"801","Stryker Corp"
"802","Sun Healthcare Group Inc."
"803","Sun Microsystems Inc."
"804","SunGard Data Systems Inc."
"805","Sunoco Inc."
"806","SunTrust Banks Inc"
"807","Supervalu Inc"
"808","Swift Transportation, Co., Inc"
"809","Symbol Technologies Inc"
"810","Synovus Financial Corp."
"811","Sysco Corp"
"812","Systemax Inc."
"813","Target Corp."
"814","Tech Data Corporation"
"815","TECO Energy Inc"
"816","Tecumseh Products Company"
"817","Tektronix Inc"
"818","Teleflex Incorporated"
"819","Telephone & Data Systems Inc"
"820","Tellabs Inc."
"821","Temple-Inland Inc"
"822","Tenet Healthcare Corporation"
"823","Tenneco Automotive Inc."
"824","Teradyne Inc"
"825","Terex Corp"
"826","Tesoro Petroleum Corp."
"827","Texas Industries Inc."
"828","Texas Instruments Incorporated"
"829","Textron Inc"
"830","Thermo Electron Corporation"
"831","Thomas & Betts Corporation"
"832","Tiffany & Co"
"833","Timken Company"
"834","TJX Companies Inc"
"835","TMP Worldwide Inc"
"836","Toll Brothers Inc"
"837","Torchmark Corporation"
"838","Toro Company"
"839","Tower Automotive Inc."
"840","Toys 'R' Us Inc"
"841","Trans World Entertainment Corp."
"842","TransMontaigne Inc"
"843","Transocean Inc"
"844","TravelCenters of America Inc."
"845","Triad Hospitals Inc"
"846","Tribune Company"
"847","Trigon Healthcare Inc."
"848","Trinity Industries Inc"
"849","TruServ Corporation"
"850","TRW Inc"
"851","TXU Corp"
"852","Tyson Foods Inc"
"853","U.S. Bancorp"
"854","U.S. Industries Inc."
"855","UAL Corporation"
"856","UGI Corporation"
"857","Unified Western Grocers Inc"
"858","Union Pacific Corporation"
"859","Union Planters Corp"
"860","Unisource Energy Corp"
"861","Unisys Corporation"
"862","United Auto Group Inc"
"863","United Defense Industries Inc."
"864","United Parcel Service Inc"
"865","United Rentals Inc"
"866","United Stationers Inc"
"867","United Technologies Corporation"
"868","UnitedHealth Group Incorporated"
"869","Unitrin Inc"
"870","Universal Corporation"
"871","Universal Forest Products Inc"
"872","Universal Health Services Inc"
"873","Unocal Corporation"
"874","Unova Inc"
"875","UnumProvident Corporation"
"876","URS Corporation"
"877","US Airways Group Inc"
"878","US Oncology Inc"
"879","USA Interactive"
"880","USFreighways Corporation"
"881","USG Corporation"
"882","UST Inc"
"883","Valero Energy Corporation"
"884","Valspar Corporation"
"885","Value City Department Stores Inc"
"886","Varco International Inc"
"887","Vectren Corporation"
"888","Veritas Software Corporation"
"889","Verizon Communications Inc"
"890","VF Corporation"
"891","Viacom Inc"
"892","Viad Corp"
"893","Viasystems Group Inc"
"894","Vishay Intertechnology Inc"
"895","Visteon Corporation"
"896","Volt Information Sciences Inc"
"897","Vulcan Materials Company"
"898","W.R. Berkley Corporation"
"899","W.R. Grace & Co"
"900","W.W. Grainger Inc"
"901","Wachovia Corporation"
"902","Wakenhut Corporation"
"903","Walgreen Co"
"904","Wallace Computer Services Inc"
"905","Wal-Mart Stores Inc"
"906","Walt Disney Co"
"907","Walter Industries Inc"
"908","Washington Mutual Inc"
"909","Washington Post Co."
"910","Waste Management Inc"
"911","Watsco Inc"
"912","Weatherford International Inc"
"913","Weis Markets Inc."
"914","Wellpoint Health Networks Inc"
"915","Wells Fargo & Company"
"916","Wendy's International Inc"
"917","Werner Enterprises Inc"
"918","WESCO International Inc"
"919","Western Digital Inc"
"920","Western Gas Resources Inc"
"921","WestPoint Stevens Inc"
"922","Weyerhauser Company"
"923","WGL Holdings Inc"
"924","Whirlpool Corporation"
"925","Whole Foods Market Inc"
"926","Willamette Industries Inc."
"927","Williams Companies Inc"
"928","Williams Sonoma Inc"
"929","Winn Dixie Stores Inc"
"930","Wisconsin Energy Corporation"
"931","Wm Wrigley Jr Company"
"932","World Fuel Services Corporation"
"933","WorldCom Inc"
"934","Worthington Industries Inc"
"935","WPS Resources Corporation"
"936","Wyeth"
"937","Wyndham International Inc"
"938","Xcel Energy Inc"
"939","Xerox Corp"
"940","Xilinx Inc"
"941","XO Communications Inc"
"942","Yellow Corporation"
"943","York International Corp"
"944","Yum Brands Inc."
"945","Zale Corporation"
"946","Zions Bancorporation"